name,country
adobo,mexico
barbeque sauce,
black vinegar,japan
chamoy,mexico
chili oil,japan
comeback sauce,
cranberry sauce,
dashi,japan
fry sauce,
furikake,japan
gomashio,japan
karashi,japan
katsuobushi,japan
ketchup,
kombu,japan
mayonaisse,
mirin,japan
miso,japan
mole,mexico
mustard,
perilla,japan
perilla frutescens,japan
pico de gallo,mexico
pipian,mexico
ponzu,japan
relish,
rice vinegar,japan
salsa roja,mexico
salsa verde,mexico
seasoned rice vinegar,japan
sesame oil,japan
shichimi,japan
shiso,japan
shottsuru,japan
sichuan pepper,japan
soy sauce,japan
tare sauce,japan
wafu dressing,japan
wasabi,japan
yuzukoshō,japan
spicy mustard,
gravy,
anchovy essence,
ranch salad dressing,
thousand island salad dressing,
italian salad dressing,
bread sauce,
cocktail sauce,
duck sauce,
salsa,
pan sauce,
peppercorn sauce,
sour cream sauce,
steak sauce,
sweet chilli sauce,
tomato sauce,
vinaigrette,
dijon mustard,
chipotle mayo,
chipotle mayonnaise,
chipotle mustard,
chipotle,
wine sauce,
worcestershire sauce,
bordelaise sauce,
chateaubriand sauce,
charcutiere sauce,
demi glace,
mushroom gravy,
sauce africaine,
sauce au poivre,
bearnaise sauce,
hollandaise sauce,
mayonnaise,
tartar sauce,
buffalo sauce,
chili sauce,
enchilada sauce,
tabasco sauce,
onion sauce,
vodka sauce,italy
peara,italy
béchamel sauce,
genovese sauce,italy
mornay sauce,
sauce allemande,
sauce americaine,
sweet bean sauce,
hoisin sauce,
oyster sauce,
gremolada,italy
mala sauce,
sriracha sauce,
lobster sauce,
sweet and sour sauce,
teriyaki,
fish sauce,
satay sauce,
peanut sauce,
arrabbiata sauce,italy
sweet soy sauce,
onion gravy,
bow wow sauce,
marie rose sauce,
brown sauce,
white sauce,
mushroom sauce,
cheddar sauce,
whisky sauce,
worchestershire sauce,
redcurrant sauce,
albert sauce,
cumberland sauce,
oxford sauce,
mint sauce,
apple sauce,
horseradish sauce,
honey mustard,
yellow mustard,
sauce bechamel,
sauce espagnole,
sauce veloute,
sauce hollandaise,
sauce tomate,
allemande sauce,
au jus,
sauce bourguignonne,
breton sauce,
beurre noir,
beurre noisette,
sauce charcutiere,
chasseur,
nantua sauce,
ravigote,
rouennaise sauce,
rouille,
sauce gribiche,
sauce lyonnaise,
sauce poivrade,
soubise sauce,
veloute sauce,
agrodolce,
bagna cauda,
bolognese sauce,
checca sauce,
fra diavolo sauce,
neapolitan sauce,
rage,
savore sanguino,
sugo all amatriciana,
sugo alla puttanesca,
vincotto,
coriander chutney,
mint chutney,
tomato puree,
tamarind chutney,
raita,
kuzhambu,
rasam,
sambar,
onion-tomato based gravy,
marinara sauce,italy
neapolitan ragù,italy
pesto,italy
ragu,italy
tamari,
rice wine,
italian gravy,italy
alfredo sauce,italy
wine ,italy
salt,
garlic salt,
jam,
jelly,
grape jam,
apricot jam,
grape jelly,
apricot jelly,
strawberry jam,
strawberry jelly,
kosher salt,
onion salt,